Model,Mean_Pixel_Accuracy,Intersection_Over_Union,Mean_Average_Precission,Inference_Time
Ensable_RetinaNet+SAM,0.7633680430740694,0.6485612037651382,0.7252637816027263,31.00135
Ensable_YOLO+SAM,0.7035397489476652,0.5962784643195329,0.6726588463135516,95.58499999999998
